id,name
1,Danielle Phillips
2,Meghan Richards
3,Joshua Becker
4,Christine French
5,Alexis Lara
6,Kevin Torres
7,Henry Rodriguez
8,Joshua Thornton
9,Leah Brown
10,David Young
11,Jose Campbell
12,Rhonda Walker
13,Carrie Owens
14,Samuel Day
15,Rachel Norman
16,Zachary Bennett
17,Peter Johnson
18,Karen Sutton
19,Jamie Ward
20,Jonathan Graham
21,Brandon Warren
22,Mr. Thomas Smith Jr.
23,Anthony Kramer
24,Zachary Brooks
25,Tammy Lopez
26,Jennifer Edwards
27,Deborah Valdez
28,Christopher Collier
29,Jackson Price
30,Andrea Green
31,Rebecca Reid
32,Paul Wells
33,Daniel Harrison
34,Paul Goodman
35,Curtis Welch
36,Daniel Hall
37,Dr. Kelli Kelly
38,Jeffrey Burnett
39,Patricia Taylor
40,Betty Hoffman
41,Laura Simon
42,Donald Burns
43,Diana Nichols
44,Monica Parks
45,Rebecca Nguyen
46,Karen Martin
47,Sarah Smith
48,Raymond Flores
49,Randy Conley
50,Ashley Lawrence
51,Ashley Daniel
52,John Kelley
53,Reginald Larson
54,Autumn Gonzalez
55,Jimmy Jacobs
56,Andrew Zamora
57,Shane Fisher
58,Shane Parsons
59,Stefanie Everett
60,Kenneth Cox
61,Tyler Roberts
62,Harry Schultz
63,Kathleen Campbell
64,Emily Blanchard
65,Lori Ward
66,Jenna Murillo
67,Douglas Lewis
68,Jeffrey Ramirez
69,Scott Parker
70,Christopher Young
71,Daniel Olsen
72,Diana Werner
73,Samantha Mckenzie
74,Matthew Martinez
75,Taylor Harris
76,Michelle Dillon
77,Anthony Scott
78,Margaret Durham
79,Jeffrey Combs
80,John Mccoy
81,Michael Ray
82,Lisa Burton
83,Roberto Jackson
84,Jared Holmes
85,Kayla Nelson
86,Susan Brown
87,Laura Davis
88,Jack Hall
89,Tyrone Lindsey
90,Ashley Garcia
91,Marilyn Dillon
92,Laura Howard
93,Jill Moyer
94,Lauren Johnson
95,Jason Johnson
96,Kathryn Stevens
97,Joseph Yu
98,Colleen Gallagher
99,Zachary Mcdaniel
100,Krista Nichols
